NUMERO_PREDITTORI,COVERAGE,MEDIA_ACCURATEZZE,ACCURATEZZA_FINALE,MEDIE_INFERIORI,MAXDRAWDOWN,END,END/MDD,THRESHOLD
10,16.234887737478413,0.5133110380000001,0.4893617021276596,0,88750.0,-5175.0,-0.058309859154929575,100.0%
10,43.17789291882556,0.5133110380000001,0.46399999999999997,0,173900.0,-80475.0,-0.4627659574468085,90.0%
10,59.58549222797927,0.5133110380000001,0.4956521739130435,0,128750.0,41150.0,0.3196116504854369,80.0%
20,8.117443868739207,0.5143818840000001,0.5531914893617021,0,41825.0,57200.0,1.3676031081888822,100.0%
20,22.279792746113987,0.5143818840000001,0.48062015503875966,0,106375.0,-19350.0,-0.181903642773208,90.0%
20,38.68739205526771,0.5143818840000001,0.5178571428571428,0,135475.0,32025.0,0.2363904779479609,80.0%
