,NUMERO_PREDITTORI,COVERAGE,MEDIA_ACCURATEZZE,ACCURATEZZA_FINALE,MEDIE_INFERIORI,MAXDRAWDOWN,END,THRESHOLD
0,10,15.062156692685747,0.5133110380000001,0.527831094049904,0,22225.0,-10625.0,10%
[10],32.176929748482216,0.5133110380000001,0.5238095238095238,0,25375.0,-337.5,-0.013300492610837438,9
